OTU_97.41189.0	Pasteurella multocida	Pasteurella
OTU_97.38269.0	Rothia dentocariosa	Rothia
OTU_97.30455.0	Campylobacter jejuni	Campylobacter
OTU_97.976.0	Streptococcus agalactiae	Streptococcus
OTU_97.21866.0	Campylobacter jejuni	Campylobacter
OTU_97.22593.0	Streptococcus infantarius	Streptococcus
OTU_97.34783.0	Streptococcus iniae	Streptococcus
OTU_97.837.1	Streptococcus intermedius	Streptococcus
OTU_97.27554.1	Clostridioides difficile	Clostridioides
OTU_97.28883.0	Streptococcus pneumoniae	Streptococcus
OTU_97.30394.0	Streptococcus cristatus	Streptococcus
OTU_97.25847.0	Campylobacter jejuni	Campylobacter
OTU_97.17408.1	Streptococcus constellatus	Streptococcus
OTU_97.30063.0	Streptococcus pyogenes	Streptococcus
OTU_97.37560.0	Campylobacter jejuni	Campylobacter
OTU_97.37207.0	Streptococcus pyogenes	Streptococcus
OTU_97.3142.0	Campylobacter jejuni	Campylobacter
OTU_97.34782.1	Streptococcus pyogenes	Streptococcus
OTU_97.36412.0	Streptococcus constellatus	Streptococcus
OTU_97.35376.0	Streptococcus pneumoniae	Streptococcus
OTU_97.44957.1	Trueperella pyogenes	Trueperella
OTU_97.23.0	Streptococcus pneumoniae	Streptococcus
OTU_97.17408.0	Streptococcus pyogenes	Streptococcus
OTU_97.934.0	Streptococcus pyogenes	Streptococcus
OTU_97.16670.0	Aggregatibacter aphrophilus	Aggregatibacter
OTU_97.9740.1	Campylobacter jejuni	Campylobacter
OTU_97.837.0	Streptococcus thermophilus	Streptococcus
OTU_97.10271.0	Campylobacter jejuni	Campylobacter
OTU_97.31370.0	Actinomyces oris	Actinomyces
OTU_97.31176.0	Campylobacter jejuni	Campylobacter
OTU_97.43496.0	Streptococcus pneumoniae	Streptococcus
OTU_97.43450.0	[Haemophilus] ducreyi	Haemophilus
OTU_97.16865.0	Streptococcus iniae	Streptococcus
OTU_97.44265.1	Lactococcus piscium	Lactococcus
OTU_97.2653.1	Streptococcus sp. VT 162	Streptococcus
OTU_97.1441.0	Campylobacter jejuni	Campylobacter
OTU_97.42986.0	Mannheimia haemolytica	Mannheimia
OTU_97.33154.0	Mannheimia varigena	Mannheimia
OTU_97.27554.0	Clostridioides difficile	Clostridioides
OTU_97.16301.0	Campylobacter jejuni	Campylobacter
OTU_97.34839.0	Streptococcus pneumoniae	Streptococcus
OTU_97.39134.1	Streptococcus intermedius	Streptococcus
OTU_97.1441.1	Campylobacter coli	Campylobacter
OTU_97.9324.0	Burkholderia thailandensis	Burkholderia
OTU_97.39134.0	Streptococcus equi	Streptococcus
OTU_97.43848.0	Streptococcus thermophilus	Streptococcus
OTU_97.17113.0	Streptococcus suis	Streptococcus
OTU_97.16243.0	Streptococcus agalactiae	Streptococcus
OTU_97.39522.0	Prevotella fusca	Prevotella
OTU_97.45303.1	Aggregatibacter actinomycetemcomitans	Aggregatibacter
OTU_97.43007.1	Streptococcus agalactiae	Streptococcus
OTU_97.2727.0	Campylobacter fetus	Campylobacter
OTU_97.37776.1	Lactococcus lactis	Lactococcus
OTU_97.9740.0	Campylobacter jejuni	Campylobacter
OTU_97.934.1	Streptococcus suis	Streptococcus
OTU_97.44265.0	Streptococcus agalactiae	Streptococcus
OTU_97.31176.1	Campylobacter gracilis	Campylobacter
OTU_97.31497.0	Streptococcus mutans	Streptococcus
OTU_97.9324.1	Burkholderia pseudomallei	Burkholderia
OTU_97.36305.1	Campylobacter jejuni	Campylobacter
OTU_97.42948.0	Aggregatibacter actinomycetemcomitans	Aggregatibacter
OTU_97.29715.0	Corynebacterium pseudotuberculosis	Corynebacterium
OTU_97.41395.0	Campylobacter jejuni	Campylobacter
OTU_97.23748.0	Campylobacter jejuni	Campylobacter
OTU_97.44129.0	Streptococcus mutans	Streptococcus
OTU_97.44957.0	Mobiluncus curtisii	Mobiluncus
OTU_97.21249.0	Rothia mucilaginosa	Rothia
OTU_97.39273.0	Campylobacter jejuni	Campylobacter
OTU_97.17666.0	Streptococcus agalactiae	Streptococcus
OTU_97.43673.1	Porphyromonas gingivalis	Porphyromonas
OTU_97.42878.0	Pasteurella multocida	Pasteurella
OTU_97.14835.1	Streptococcus pyogenes	Streptococcus
OTU_97.35311.0	Streptococcus pneumoniae	Streptococcus
OTU_97.17726.0	Streptococcus pyogenes	Streptococcus
OTU_97.27087.0	Streptococcus agalactiae	Streptococcus
OTU_97.30766.1	Carnobacterium sp. CP1	Carnobacterium
OTU_97.6908.0	Streptococcus dysgalactiae	Streptococcus
OTU_97.29547.0	Streptococcus pasteurianus	Streptococcus
OTU_97.43007.0	Streptococcus suis	Streptococcus
OTU_97.10732.0	Actinomyces pacaensis	Actinomyces
OTU_97.36305.0	Campylobacter jejuni	Campylobacter
OTU_97.45053.1	[Haemophilus] ducreyi	Haemophilus
OTU_97.41452.1	Campylobacter lari	Campylobacter
OTU_97.45016.0	Corynebacterium ulcerans	Corynebacterium
OTU_97.940.0	Arcobacter sp. L	Arcobacter sp. L
OTU_97.45181.0	Corynebacterium epidermidicanis	Corynebacterium
OTU_97.21623.0	Streptococcus pyogenes	Streptococcus
OTU_97.26078.0	Streptococcus equi	Streptococcus
OTU_97.28595.0	Streptococcus suis	Streptococcus
OTU_97.34944.0	Campylobacter jejuni	Campylobacter
OTU_97.42502.0	Streptococcus intermedius	Streptococcus
OTU_97.45303.0	Aggregatibacter actinomycetemcomitans	Aggregatibacter
OTU_97.40790.0	Streptococcus intermedius	Streptococcus
OTU_97.43673.0	Porphyromonas gingivalis	Porphyromonas
OTU_97.42543.0	Streptococcus pneumoniae	Streptococcus
OTU_97.17666.1	Streptococcus pneumoniae	Streptococcus
OTU_97.33079.0	Campylobacter jejuni	Campylobacter
OTU_97.28231.0	Streptococcus dysgalactiae	Streptococcus
OTU_97.1278.0	Lactococcus lactis	Lactococcus
OTU_97.34194.0	Campylobacter jejuni	Campylobacter
OTU_97.56.0	Campylobacter iguaniorum	Campylobacter
OTU_97.34782.0	Streptococcus parasanguinis	Streptococcus
OTU_97.30521.1	Streptococcus suis	Streptococcus
OTU_97.16209.0	Streptococcus suis	Streptococcus
OTU_97.44294.0	Streptococcus anginosus	Streptococcus
OTU_97.32705.0	Neisseria meningitidis	Neisseria
OTU_97.20752.0	Streptococcus pneumoniae	Streptococcus
OTU_97.41224.0	Streptococcus thermophilus	Streptococcus
OTU_97.28774.0	Lactococcus lactis	Lactococcus
OTU_97.7659.0	Selenomonas sp. oral taxon 478	Selenomonas
OTU_97.14835.0	Lactococcus lactis	Lactococcus
OTU_97.45326.0	Streptococcus parasanguinis	Streptococcus
OTU_97.32946.0	Streptococcus pyogenes	Streptococcus
OTU_97.41452.0	Campylobacter jejuni	Campylobacter
OTU_97.10732.1	Actinomyces radicidentis	Actinomyces
OTU_97.2653.0	Streptococcus agalactiae	Streptococcus
OTU_97.13996.0	Streptococcus pyogenes	Streptococcus
OTU_97.25442.0	Streptococcus suis	Streptococcus
OTU_97.44769.0	Campylobacter jejuni	Campylobacter
OTU_97.43450.1	Pasteurella multocida	Pasteurella
OTU_97.42543.1	Streptococcus gallolyticus	Streptococcus
OTU_97.34560.0	Streptococcus thermophilus	Streptococcus
OTU_97.20733.1	Streptococcus pneumoniae	Streptococcus
OTU_97.6073.0	Streptococcus suis	Streptococcus
OTU_97.32420.0	Streptococcus pantholopis	Streptococcus
OTU_97.3084.0	Streptococcus pyogenes	Streptococcus
OTU_97.22593.1	Streptococcus pyogenes	Streptococcus
OTU_97.23.1	Streptococcus pneumoniae	Streptococcus
OTU_97.5805.0	Lactococcus lactis	Lactococcus
OTU_97.20271.0	Campylobacter curvus	Campylobacter
OTU_97.41395.1	Campylobacter jejuni	Campylobacter
OTU_97.30521.0	Streptococcus suis	Streptococcus
OTU_97.1906.0	Campylobacter jejuni	Campylobacter
OTU_97.34527.0	Streptococcus iniae	Streptococcus
OTU_97.44550.0	Streptococcus pneumoniae	Streptococcus
OTU_97.29547.1	Streptococcus thermophilus	Streptococcus
OTU_97.1704.0	Carnobacterium inhibens	Carnobacterium
OTU_97.45053.0	Haemophilus influenzae	Haemophilus
OTU_97.33727.0	Lactococcus lactis	Lactococcus
OTU_97.35088.0	Campylobacter jejuni	Campylobacter
OTU_97.39115.0	Streptococcus parauberis	Streptococcus
OTU_97.39679.0	Streptococcus pyogenes	Streptococcus
OTU_97.13253.0	Streptococcus suis	Streptococcus
OTU_97.23667.0	Streptococcus suis	Streptococcus
OTU_97.39112.0	Streptococcus pyogenes	Streptococcus
OTU_97.34747.0	Streptococcus pyogenes	Streptococcus
OTU_97.20733.0	Streptococcus agalactiae	Streptococcus
OTU_97.37776.0	Streptococcus agalactiae	Streptococcus
OTU_97.14837.0	Campylobacter jejuni	Campylobacter
OTU_97.44958.0	[Haemophilus] ducreyi	Haemophilus
OTU_97.45365.0	Streptococcus suis	Streptococcus
OTU_97.44228.0	Streptococcus agalactiae	Streptococcus
OTU_97.30766.0	Marinilactibacillus sp. 15R	Marinilactibacillus
OTU_97.44565.0	Streptococcus pyogenes	Streptococcus
OTU_97.29545.0	Streptococcus suis	Streptococcus
OTU_97.741.0	Streptococcus pseudopneumoniae	Streptococcus
OTU_97.20.0	Jeotgalibaca sp. PTS2502	Jeotgalibaca
OTU_97.35864.0	Streptococcus agalactiae	Streptococcus
OTU_97.23667.1	Streptococcus mitis	Streptococcus
OTU_97.35197.0	Campylobacter fetus	Campylobacter
OTU_97.39998.0	Streptococcus agalactiae	Streptococcus
OTU_97.35311.1	Streptococcus pyogenes	Streptococcus
OTU_97.42422.0	Streptococcus suis	Streptococcus
OTU_97.27895.0	Campylobacter jejuni	Campylobacter
OTU_97.34522.1	Streptococcus pyogenes	Streptococcus
OTU_97.34522.0	Streptococcus pneumoniae	Streptococcus
OTU_97.45443.0	Lactococcus lactis	Lactococcus
OTU_97.12168.1	Neisseria meningitidis	Neisseria
OTU_97.27245.0	Streptococcus gallolyticus	Streptococcus
OTU_97.5441.1	Treponema azotonutricium	Treponema
OTU_97.16658.0	Streptococcus pneumoniae	Streptococcus
OTU_97.7430.0	Peptoclostridium acidaminophilum	Peptoclostridium
OTU_97.42490.0	Lactococcus lactis	Lactococcus
OTU_97.5809.0	Actinomyces sp. oral taxon 414	Actinomyces
OTU_97.11682.0	Campylobacter jejuni	Campylobacter
OTU_97.13932.0	Fusobacterium nucleatum	Fusobacterium
OTU_97.33110.0	Campylobacter jejuni	Campylobacter
OTU_97.30325.0	Streptococcus sp. oral taxon 431	Streptococcus
OTU_97.26079.0	Neisseria meningitidis	Neisseria
OTU_97.1886.0	Selenomonas sp. oral taxon 136	Selenomonas
OTU_97.10310.1	Campylobacter jejuni	Campylobacter
OTU_97.45057.0	Schaalia meyeri	Schaalia
OTU_97.33448.0	Lachnoclostridium sp. YL32	Lachnoclostridium
OTU_97.39365.0	Maribacter sp. T28	Maribacter
OTU_97.10310.0	Sulfurospirillum deleyianum	Sulfurospirillum
OTU_97.37772.1	Campylobacter coli	Campylobacter
OTU_97.37772.0	Campylobacter jejuni	Campylobacter
OTU_97.21430.0	Streptococcus sp. I-G2	Streptococcus
OTU_97.12168.0	Neisseria meningitidis	Neisseria
OTU_97.2373.0	Acetobacterium woodii	Acetobacterium
OTU_97.27900.0	Clostridioides difficile	Clostridioides
OTU_97.39365.1	Ornithobacterium rhinotracheale	Ornithobacterium
OTU_97.26568.1	Filifactor alocis	Filifactor
OTU_97.11468.0	Pasteurella multocida	Pasteurella
OTU_97.4925.0	Campylobacter jejuni	Campylobacter
OTU_97.36451.0	Neisseria meningitidis	Neisseria
OTU_97.32318.0	Corynebacterium ureicelerivorans	Corynebacterium
OTU_97.5623.1	Campylobacter lari	Campylobacter
OTU_97.26568.0	Clostridioides difficile	Clostridioides
OTU_97.5441.0	Treponema sp. OMZ 838	Treponema
OTU_97.12613.0	Candidatus Symbiobacter mobilis	Candidatus Symbiobacter
OTU_97.329.1	Campylobacter jejuni	Campylobacter
OTU_97.34453.0	Campylobacter jejuni	Campylobacter
OTU_97.6437.0	Clostridioides difficile	Clostridioides
OTU_97.2213.0	Streptococcus agalactiae	Streptococcus
OTU_97.485.0	Faecalibaculum rodentium	Faecalibaculum
OTU_97.329.0	Campylobacter coli	Campylobacter
OTU_97.30524.0	Streptococcus pyogenes	Streptococcus
OTU_97.485.1	Turicibacter sp. H121	Turicibacter
OTU_97.34726.0	Lactococcus lactis	Lactococcus
OTU_97.38908.1	Flavobacterium psychrophilum	Flavobacterium
OTU_97.5301.0	Campylobacter jejuni	Campylobacter
OTU_97.16272.0	Campylobacter jejuni	Campylobacter
OTU_97.31305.0	Campylobacter fetus	Campylobacter
OTU_97.31086.0	Campylobacter ureolyticus	Campylobacter
OTU_97.4075.0	Treponema denticola	Treponema
OTU_97.3838.0	Neisseria lactamica	Neisseria
OTU_97.30560.0	Neisseria meningitidis	Neisseria
OTU_97.20716.0	Campylobacter jejuni	Campylobacter
OTU_97.19857.0	Clostridioides difficile	Clostridioides
OTU_97.5121.0	Campylobacter jejuni	Campylobacter
OTU_97.39797.0	Corynebacterium pseudotuberculosis	Corynebacterium
OTU_97.469.0	Negativicoccus massiliensis	Negativicoccus
OTU_97.4075.1	Treponema paraluiscuniculi	Treponema
OTU_97.36221.0	Campylobacter coli	Campylobacter
OTU_97.5121.1	Campylobacter jejuni	Campylobacter
OTU_97.8291.1	Campylobacter fetus	Campylobacter
OTU_97.23850.0	Campylobacter lari	Campylobacter
OTU_97.5623.0	Campylobacter jejuni	Campylobacter
OTU_97.1445.0	Campylobacter jejuni	Campylobacter
OTU_97.38908.0	Flavobacteriaceae bacterium 3519-10	Flavobacteriaceae bacterium 3519-10
OTU_97.2213.1	Streptococcus macedonicus	Streptococcus
OTU_97.8291.0	Campylobacter jejuni	Campylobacter
OTU_97.27573.0	Prevotella intermedia	Prevotella
OTU_97.5278.0	Weeksella virosa	Weeksella
OTU_97.41969.0	Lactococcus lactis	Lactococcus
OTU_97.16272.1	Arcobacter butzleri	Arcobacter
OTU_97.4925.1	Campylobacter coli	Campylobacter
OTU_97.8405.0	Campylobacter coli	Campylobacter
OTU_97.29264.0	Campylobacter jejuni	Campylobacter
OTU_97.30399.0	Fusobacterium hwasookii	Fusobacterium
OTU_97.23272.0	Streptococcus agalactiae	Streptococcus
OTU_97.29264.1	Campylobacter jejuni	Campylobacter
OTU_97.38106.0	Neisseria meningitidis	Neisseria
OTU_97.1445.1	Campylobacter jejuni	Campylobacter
OTU_97.43676.0	Capnocytophaga canimorsus	Capnocytophaga
OTU_97.34865.0	Treponema primitia	Treponema
OTU_97.40838.0	Selenomonas ruminantium	Selenomonas
OTU_97.971.0	Corynebacterium pseudotuberculosis	Corynebacterium
OTU_97.9672.0	Arcanobacterium haemolyticum	Arcanobacterium
OTU_97.44484.0	Campylobacter jejuni	Campylobacter
OTU_97.237.0	Desulfitobacterium metallireducens	Desulfitobacterium
OTU_97.281.0	Corynebacterium pseudotuberculosis	Corynebacterium
OTU_97.35162.0	Neisseria meningitidis	Neisseria
OTU_97.37109.0	Porphyromonas gingivalis	Porphyromonas
OTU_97.45058.0	[Haemophilus] ducreyi	Haemophilus
OTU_97.44537.0	Streptococcus pyogenes	Streptococcus
OTU_97.26155.0	Bibersteinia trehalosi	Bibersteinia
OTU_97.3540.0	Neisseria meningitidis	Neisseria
OTU_97.43152.1	Muricauda ruestringensis	Muricauda
OTU_97.43528.1	Lacinutrix venerupis	Lacinutrix
OTU_97.45.0	Corynebacterium glutamicum	Corynebacterium
OTU_97.14639.1	Pasteurella multocida	Pasteurella
OTU_97.43518.0	Clostridioides difficile	Clostridioides
OTU_97.44537.1	Streptococcus pyogenes	Streptococcus
OTU_97.13391.0	Fusobacterium nucleatum	Fusobacterium
OTU_97.38222.0	Aequorivita sublithincola	Aequorivita
OTU_97.28342.1	Elizabethkingia anophelis	Elizabethkingia
OTU_97.9305.0	Streptobacillus moniliformis	Streptobacillus
OTU_97.1836.1	Campylobacter jejuni	Campylobacter
OTU_97.455.0	Enterococcus faecalis	Enterococcus
OTU_97.23755.0	Tenacibaculum dicentrarchi	Tenacibaculum
OTU_97.24074.0	Clostridioides difficile	Clostridioides
OTU_97.3393.1	Pasteurella multocida	Pasteurella
OTU_97.34818.0	Neisseria meningitidis	Neisseria
OTU_97.11207.0	Lutibacter profundi	Lutibacter
OTU_97.43528.0	Cellulophaga lytica	Cellulophaga
OTU_97.35317.0	Neisseria meningitidis	Neisseria
OTU_97.35168.0	Nonlabens sp. MIC269	Nonlabens
OTU_97.44935.0	Haemophilus influenzae	Haemophilus
OTU_97.6543.0	Capnocytophaga ochracea	Capnocytophaga
OTU_97.43152.0	Nonlabens dokdonensis	Nonlabens
OTU_97.13658.0	Campylobacter peloridis	Campylobacter
OTU_97.881.0	Campylobacter jejuni	Campylobacter
OTU_97.13391.1	Fusobacterium nucleatum	Fusobacterium
OTU_97.455.1	Enterococcus faecalis	Enterococcus
OTU_97.2356.0	Neisseria meningitidis	Neisseria
OTU_97.8688.0	Pasteurella multocida	Pasteurella
OTU_97.14114.0	Neisseria meningitidis	Neisseria
OTU_97.35317.1	Neisseria meningitidis	Neisseria
OTU_97.42261.1	Glaesserella parasuis	Glaesserella
OTU_97.32075.0	Streptococcus gallolyticus	Streptococcus
OTU_97.42801.1	Campylobacter jejuni	Campylobacter
OTU_97.4084.0	Treponema succinifaciens	Treponema
OTU_97.13959.0	Neisseria meningitidis	Neisseria
OTU_97.32369.0	Histophilus somni	Histophilus
OTU_97.7619.0	Campylobacter jejuni	Campylobacter
OTU_97.3210.0	Neisseria weaveri	Neisseria
OTU_97.23196.0	Neisseria meningitidis	Neisseria
OTU_97.28788.0	Gemella sp. oral taxon 928	Gemella
OTU_97.35162.1	Neisseria meningitidis	Neisseria
OTU_97.42261.0	Haemophilus influenzae	Haemophilus
OTU_97.2896.0	Corynebacterium pseudotuberculosis	Corynebacterium
OTU_97.24314.0	Campylobacter jejuni	Campylobacter
OTU_97.25254.0	Campylobacter coli	Campylobacter
OTU_97.2102.1	Campylobacter jejuni	Campylobacter
OTU_97.11128.1	Sulfurospirillum barnesii	Sulfurospirillum
OTU_97.29395.0	Neisseria meningitidis	Neisseria
OTU_97.42989.0	Haemophilus influenzae	Haemophilus
OTU_97.34566.0	Campylobacter coli	Campylobacter
OTU_97.27797.1	Neisseria meningitidis	Neisseria
OTU_97.14639.0	Actinobacillus pleuropneumoniae	Actinobacillus
OTU_97.42801.0	Campylobacter jejuni	Campylobacter
OTU_97.11998.0	Neisseria meningitidis	Neisseria
OTU_97.11207.1	Siansivirga zeaxanthinifaciens	Siansivirga
OTU_97.6310.0	Elizabethkingia anophelis	Elizabethkingia
OTU_97.11377.0	Campylobacter jejuni	Campylobacter
OTU_97.2102.0	Campylobacter jejuni	Campylobacter
OTU_97.27897.0	Cellulophaga algicola	Cellulophaga
OTU_97.124.0	Campylobacter jejuni	Campylobacter
OTU_97.1836.0	Campylobacter jejuni	Campylobacter
OTU_97.16860.0	Streptococcus pyogenes	Streptococcus
OTU_97.11128.0	Campylobacter jejuni	Campylobacter
OTU_97.1148.0	Actinobacillus equuli	Actinobacillus
OTU_97.1358.0	Myroides profundi	Myroides
OTU_97.7158.0	Tannerella forsythia	Tannerella
OTU_97.44993.0	Campylobacter coli	Campylobacter
OTU_97.15438.0	Seonamhaeicola sp. S2-3	Seonamhaeicola
OTU_97.2652.0	Sneathia amnii	Sneathia
OTU_97.3393.0	[Haemophilus] ducreyi	Haemophilus
OTU_97.20364.0	Snodgrassella alvi	Snodgrassella
OTU_97.29395.1	Neisseria meningitidis	Neisseria
OTU_97.28342.0	Riemerella anatipestifer	Riemerella
OTU_97.42987.0	Mannheimia haemolytica	Mannheimia
OTU_97.26160.0	Clostridioides difficile	Clostridioides
OTU_97.27797.0	Neisseria meningitidis	Neisseria
OTU_97.38092.0	Neisseria meningitidis	Neisseria
OTU_97.1193.0	Salinispira pacifica	Salinispira
OTU_97.38628.0	Riemerella anatipestifer	Riemerella
OTU_97.17325.0	Neisseria meningitidis	Neisseria
OTU_97.35846.0	Neisseria meningitidis	Neisseria
OTU_97.44036.0	Capnocytophaga haemolytica	Capnocytophaga
OTU_97.8663.0	Elizabethkingia anophelis	Elizabethkingia
OTU_97.21203.0	Neisseria meningitidis	Neisseria
OTU_97.8698.0	Gramella flava	Gramella
OTU_97.2889.0	Streptococcus mutans	Streptococcus
OTU_97.32295.0	Flavobacterium psychrophilum	Flavobacterium
OTU_97.22538.1	Neisseria meningitidis	Neisseria
OTU_97.42515.0	Campylobacter subantarcticus	Campylobacter
OTU_97.43597.0	Lactobacillus plantarum	Lactobacillus
OTU_97.22538.0	Neisseria meningitidis	Neisseria
OTU_97.19991.0	Pasteurella multocida	Pasteurella
OTU_97.17212.1	Neisseria meningitidis	Neisseria
OTU_97.10174.0	Neisseria meningitidis	Neisseria
OTU_97.35498.0	Streptococcus agalactiae	Streptococcus
OTU_97.2889.1	Streptococcus suis	Streptococcus
OTU_97.29930.0	Gramella forsetii	Gramella
OTU_97.45324.0	Streptococcus pneumoniae	Streptococcus
OTU_97.18590.0	Campylobacter coli	Campylobacter
OTU_97.25019.0	Campylobacter jejuni	Campylobacter
OTU_97.33033.1	Haemophilus influenzae	Haemophilus
OTU_97.34565.0	Streptococcus agalactiae	Streptococcus
OTU_97.18880.0	Trueperella pyogenes	Trueperella
OTU_97.32295.1	Croceibacter atlanticus	Croceibacter
OTU_97.3008.0	Desulfotomaculum reducens	Desulfotomaculum
OTU_97.20283.0	Neisseria gonorrhoeae	Neisseria
OTU_97.21474.0	Pasteurella multocida	Pasteurella
OTU_97.42206.0	Haemophilus influenzae	Haemophilus
OTU_97.23441.1	Neisseria meningitidis	Neisseria
OTU_97.22835.0	Mannheimia varigena	Mannheimia
OTU_97.24778.0	Neisseria meningitidis	Neisseria
OTU_97.4277.0	Campylobacter jejuni	Campylobacter
OTU_97.33033.0	Actinobacillus succinogenes	Actinobacillus
OTU_97.28049.0	Neisseria meningitidis	Neisseria
OTU_97.26542.0	Clostridioides difficile	Clostridioides
OTU_97.35840.0	Anaerotignum propionicum	Anaerotignum
OTU_97.34740.0	Campylobacter jejuni	Campylobacter
OTU_97.17212.0	Neisseria meningitidis	Neisseria
OTU_97.41539.0	Streptococcus pyogenes	Streptococcus
OTU_97.7245.0	Streptococcus pyogenes	Streptococcus
OTU_97.36692.0	Porphyromonas gingivalis	Porphyromonas
OTU_97.23441.0	Neisseria elongata	Neisseria
OTU_97.45324.1	Streptococcus pyogenes	Streptococcus
OTU_97.5254.0	Bibersteinia trehalosi	Bibersteinia
OTU_97.143.0	Lacinutrix sp. 5H-3-7-4	Lacinutrix
OTU_97.40548.0	Neisseria meningitidis	Neisseria
OTU_97.57.0	Flavobacterium psychrophilum	Flavobacterium
OTU_97.37887.0	Neisseria meningitidis	Neisseria
OTU_97.44487.0	Streptococcus pneumoniae	Streptococcus
OTU_97.3219.0	Trueperella pyogenes	Trueperella
OTU_97.10795.1	Myroides odoratimimus	Myroides
OTU_97.9687.0	Lactococcus lactis	Lactococcus
OTU_97.5536.0	Deinococcus geothermalis	Deinococcus
OTU_97.44267.0	Streptococcus pyogenes	Streptococcus
OTU_97.36533.1	Ralstonia solanacearum	Ralstonia
OTU_97.44267.1	Streptococcus anginosus	Streptococcus
OTU_97.44953.0	Streptococcus pyogenes	Streptococcus
OTU_97.44204.0	Fusobacterium nucleatum	Fusobacterium
OTU_97.5695.1	Burkholderia gladioli	Burkholderia
OTU_97.25526.0	Neisseria meningitidis	Neisseria
OTU_97.10682.0	Burkholderia pseudomallei	Burkholderia
OTU_97.7138.1	Tannerella forsythia	Tannerella
OTU_97.328.0	Treponema caldarium	Treponema
OTU_97.34787.0	Streptococcus agalactiae	Streptococcus
OTU_97.19884.0	Burkholderia multivorans	Burkholderia
OTU_97.196.0	Roseateles depolymerans	Roseateles
OTU_97.43143.0	Flavobacterium psychrophilum	Flavobacterium
OTU_97.16611.0	Winogradskyella sp. PG-2	Winogradskyella
OTU_97.39007.1	Burkholderia cenocepacia	Burkholderia
OTU_97.39007.0	Burkholderia dolosa	Burkholderia
OTU_97.42505.0	[Haemophilus] ducreyi	Haemophilus
OTU_97.21068.1	Glaesserella parasuis	Glaesserella
OTU_97.16181.0	Neisseria meningitidis	Neisseria
OTU_97.23668.1	Neisseria meningitidis	Neisseria
OTU_97.36118.1	Neisseria gonorrhoeae	Neisseria
OTU_97.11180.0	Burkholderia metallica	Burkholderia
OTU_97.18496.0	Streptococcus pyogenes	Streptococcus
OTU_97.20774.0	Burkholderia pseudomallei	Burkholderia
OTU_97.5361.0	Burkholderia cepacia	Burkholderia
OTU_97.39485.0	Lactococcus lactis	Lactococcus
OTU_97.38344.0	Porphyromonas asaccharolytica	Porphyromonas
OTU_97.20249.0	Neisseria gonorrhoeae	Neisseria
OTU_97.32255.0	Burkholderia pseudomallei	Burkholderia
OTU_97.42423.0	Streptococcus pyogenes	Streptococcus
OTU_97.6613.0	Burkholderia thailandensis	Burkholderia
OTU_97.9642.0	Burkholderia pseudomallei	Burkholderia
OTU_97.10843.0	Clostridioides difficile	Clostridioides
OTU_97.1142.0	Streptococcus pneumoniae	Streptococcus
OTU_97.24055.0	Carnobacterium sp. 17-4	Carnobacterium
OTU_97.16455.0	[Haemophilus] ducreyi	Haemophilus
OTU_97.35416.1	Burkholderia sp. Bp5365	Burkholderia
OTU_97.20774.1	Burkholderia pseudomallei	Burkholderia
OTU_97.36118.0	Neisseria gonorrhoeae	Neisseria
OTU_97.37712.1	Neisseria meningitidis	Neisseria
OTU_97.43143.1	Riemerella anatipestifer	Riemerella
OTU_97.4165.0	Ralstonia solanacearum	Ralstonia
OTU_97.36533.0	Ralstonia solanacearum	Ralstonia
OTU_97.25264.0	Streptococcus agalactiae	Streptococcus
OTU_97.863.0	Gardnerella vaginalis	Gardnerella
OTU_97.29427.1	Zunongwangia profunda	Zunongwangia
OTU_97.32720.0	Veillonella parvula	Veillonella
OTU_97.27695.0	Neisseria meningitidis	Neisseria
OTU_97.26510.0	Cupriavidus gilardii	Cupriavidus
OTU_97.1043.1	Burkholderia pseudomallei	Burkholderia
OTU_97.13842.0	Aerococcus christensenii	Aerococcus
OTU_97.36387.0	Streptococcus suis	Streptococcus
OTU_97.12259.0	Leptotrichia buccalis	Leptotrichia
OTU_97.13480.1	Aerococcus urinae	Aerococcus
OTU_97.28713.0	Streptococcus salivarius	Streptococcus
OTU_97.4807.0	Capnocytophaga sp. oral taxon 323	Capnocytophaga
OTU_97.32701.0	[Mannheimia] succiniciproducens	Basfia
OTU_97.44485.1	Streptococcus mutans	Streptococcus
OTU_97.2534.0	Streptococcus salivarius	Streptococcus
OTU_97.40690.0	Burkholderia mallei	Burkholderia
OTU_97.24.0	Neisseria meningitidis	Neisseria
OTU_97.13449.0	Neisseria gonorrhoeae	Neisseria
OTU_97.45261.0	Streptococcus pneumoniae	Streptococcus
OTU_97.43469.0	Clostridioides difficile	Clostridioides
OTU_97.42067.0	Streptococcus pyogenes	Streptococcus
OTU_97.42301.0	Streptococcus pneumoniae	Streptococcus
OTU_97.142.0	Cellulophaga lytica	Cellulophaga
OTU_97.39489.1	Neisseria meningitidis	Neisseria
OTU_97.37691.0	Formosa sp. Hel1_33_131	Formosa
OTU_97.5795.1	Campylobacter fetus	Campylobacter
OTU_97.25929.0	Streptococcus pyogenes	Streptococcus
OTU_97.38169.0	Burkholderia ubonensis	Burkholderia
OTU_97.40667.0	Leptotrichia sp. oral taxon 212	Leptotrichia
OTU_97.38845.0	Flavobacterium psychrophilum	Flavobacterium
OTU_97.38313.0	Flavobacterium commune	Flavobacterium
OTU_97.13631.0	Aerococcus urinaeequi	Aerococcus
OTU_97.6797.0	Sebaldella termitidis	Sebaldella
OTU_97.33933.0	Streptococcus suis	Streptococcus
OTU_97.1043.0	Burkholderia cenocepacia	Burkholderia
OTU_97.10795.0	Lutibacter sp. LPB0138	Lutibacter
OTU_97.39565.0	Neisseria meningitidis	Neisseria
OTU_97.40587.0	Neisseria meningitidis	Neisseria
OTU_97.19884.1	Burkholderia pseudomallei	Burkholderia
OTU_97.2083.0	Actinomyces sp. VUL4_3	Actinomyces
OTU_97.36217.0	Streptococcus pyogenes	Streptococcus
OTU_97.38344.1	Porphyromonas gingivalis	Porphyromonas
OTU_97.37418.0	Streptococcus pyogenes	Streptococcus
OTU_97.24323.0	Lactococcus lactis	Lactococcus
OTU_97.22130.0	Streptococcus suis	Streptococcus
OTU_97.34267.0	Lactococcus lactis	Lactococcus
OTU_97.35183.0	Campylobacter jejuni	Campylobacter
OTU_97.42560.0	Streptococcus agalactiae	Streptococcus
OTU_97.22265.0	Streptococcus thermophilus	Streptococcus
OTU_97.37691.1	Flavobacterium columnare	Flavobacterium
OTU_97.39529.0	Fusobacterium hwasookii	Fusobacterium
OTU_97.36526.1	Maribacter sp. HTCC2170	Maribacter
OTU_97.1270.0	Corynebacterium pseudotuberculosis	Corynebacterium
OTU_97.44485.0	Streptococcus agalactiae	Streptococcus
OTU_97.34836.0	Streptococcus suis	Streptococcus
OTU_97.5136.0	Neisseria meningitidis	Neisseria
OTU_97.7138.0	Tannerella sp. oral taxon HOT-286	Tannerella
OTU_97.15358.0	Streptococcus equi	Streptococcus
OTU_97.23668.0	Kingella kingae	Kingella
OTU_97.5695.0	Burkholderia mallei	Burkholderia
OTU_97.39830.1	Neisseria meningitidis	Neisseria
OTU_97.35416.0	Ralstonia insidiosa	Ralstonia
OTU_97.9536.0	Streptococcus suis	Streptococcus
OTU_97.42200.0	Gallibacterium anatis	Gallibacterium
OTU_97.40587.1	Neisseria meningitidis	Neisseria
OTU_97.29976.0	Riemerella anatipestifer	Riemerella
OTU_97.30379.0	[Haemophilus] ducreyi	Haemophilus
OTU_97.11308.0	Paraburkholderia rhizoxinica	Paraburkholderia
OTU_97.34267.1	Streptococcus thermophilus	Streptococcus
OTU_97.42844.1	Haemophilus influenzae	Haemophilus
OTU_97.2092.1	Burkholderia mallei	Burkholderia
OTU_97.16180.0	Neisseria meningitidis	Neisseria
OTU_97.27262.1	Mannheimia haemolytica	Mannheimia
OTU_97.6806.0	Aerococcus sanguinicola	Aerococcus
OTU_97.2839.0	Brevundimonas sp. DS20	Brevundimonas
OTU_97.36526.0	Riemerella anatipestifer	Riemerella
OTU_97.37712.0	Neisseria meningitidis	Neisseria
OTU_97.3591.0	Campylobacter jejuni	Campylobacter
OTU_97.39830.0	Neisseria meningitidis	Neisseria
OTU_97.22915.0	Aggregatibacter aphrophilus	Aggregatibacter
OTU_97.20771.0	Streptococcus lutetiensis	Streptococcus
OTU_97.32128.0	Burkholderia pseudomallei	Burkholderia
OTU_97.27056.0	Streptococcus suis	Streptococcus
OTU_97.142.1	Flavobacterium psychrophilum	Flavobacterium
OTU_97.4935.0	Neisseria meningitidis	Neisseria
OTU_97.13074.0	Flavobacterium columnare	Flavobacterium
OTU_97.42844.0	Bibersteinia trehalosi	Bibersteinia
OTU_97.42285.0	Streptococcus iniae	Streptococcus
OTU_97.10090.0	Aerococcus viridans	Aerococcus
OTU_97.26859.0	Actinotignum schaalii	Actinotignum
OTU_97.33665.0	Streptococcus thermophilus	Streptococcus
OTU_97.41546.0	Haemophilus influenzae	Haemophilus
OTU_97.13480.0	Aerococcus urinaehominis	Aerococcus
OTU_97.42691.0	Haemophilus influenzae	Haemophilus
OTU_97.45366.0	Streptococcus sp. I-P16	Streptococcus
OTU_97.39489.0	Neisseria gonorrhoeae	Neisseria
OTU_97.3972.0	Tannerella forsythia	Tannerella
OTU_97.5795.0	Campylobacter jejuni	Campylobacter
OTU_97.33210.0	Streptococcus uberis	Streptococcus
OTU_97.8896.0	Mannheimia haemolytica	Mannheimia
OTU_97.21068.0	Pasteurella multocida	Pasteurella
OTU_97.29427.0	Muricauda lutaonensis	Muricauda
OTU_97.4793.0	Rothia mucilaginosa	Rothia
OTU_97.39529.1	Fusobacterium nucleatum	Fusobacterium
OTU_97.27262.0	Glaesserella parasuis	Glaesserella
OTU_97.16181.1	Neisseria meningitidis	Neisseria
OTU_97.2092.0	Burkholderia insecticola	Burkholderia
OTU_97.43469.1	Acetoanaerobium sticklandii	Acetoanaerobium
OTU_97.6325.0	Neisseria meningitidis	Neisseria
OTU_97.32255.1	Burkholderia multivorans	Burkholderia
OTU_97.22007.0	Aerococcus urinaeequi	Aerococcus
OTU_97.40059.0	Neisseria meningitidis	Neisseria
OTU_97.36387.1	Streptococcus salivarius	Streptococcus
OTU_97.31214.0	Burkholderia cenocepacia	Burkholderia
OTU_97.35552.0	Burkholderia pseudomallei	Burkholderia
OTU_97.33307.0	Burkholderia mallei	Burkholderia
OTU_97.29.0	Burkholderia multivorans	Burkholderia
OTU_97.24659.0	Burkholderia pseudomallei	Burkholderia
OTU_97.37245.0	Neisseria meningitidis	Neisseria
OTU_97.8334.0	Aerococcus urinae	Aerococcus
OTU_97.37901.0	Burkholderia pseudomallei	Burkholderia
OTU_97.30649.0	Streptococcus pneumoniae	Streptococcus
OTU_97.23847.1	Streptococcus agalactiae	Streptococcus
OTU_97.42865.1	Glaesserella parasuis	Glaesserella
OTU_97.23602.0	Streptococcus pyogenes	Streptococcus
OTU_97.32764.0	Streptococcus gordonii	Streptococcus
OTU_97.23194.0	Streptococcus thermophilus	Streptococcus
OTU_97.26058.0	Aggregatibacter actinomycetemcomitans	Aggregatibacter
OTU_97.23194.1	Streptococcus pyogenes	Streptococcus
OTU_97.42544.0	Mannheimia haemolytica	Mannheimia
OTU_97.43256.1	Streptococcus agalactiae	Streptococcus
OTU_97.28969.1	Streptococcus salivarius	Streptococcus
OTU_97.26058.1	Aggregatibacter actinomycetemcomitans	Aggregatibacter
OTU_97.42865.0	Actinobacillus pleuropneumoniae	Actinobacillus
OTU_97.23847.0	Streptococcus mitis	Streptococcus
OTU_97.28969.0	Streptococcus pyogenes	Streptococcus
OTU_97.14330.0	Streptococcus agalactiae	Streptococcus
OTU_97.42462.0	Lactococcus lactis	Lactococcus
OTU_97.43256.0	Streptococcus pneumoniae	Streptococcus
OTU_97.32764.1	Streptococcus gordonii	Streptococcus
OTU_97.23602.1	Streptococcus pneumoniae	Streptococcus
OTU_97.1292.0	Streptococcus thermophilus	Streptococcus
OTU_97.25556.0	Propionibacterium freudenreichii	Propionibacterium
OTU_97.24431.0	Streptococcus agalactiae	Streptococcus
OTU_97.28688.0	Haemophilus influenzae	Haemophilus
OTU_97.39633.0	Streptococcus equi	Streptococcus
OTU_97.29722.0	Streptococcus oralis	Streptococcus
OTU_97.5757.0	Haemophilus influenzae	Haemophilus
OTU_97.30561.0	Streptococcus pyogenes	Streptococcus
OTU_97.5757.1	Histophilus somni	Histophilus
OTU_97.8581.0	Corynebacterium diphtheriae	Corynebacterium
OTU_97.26897.0	Fusobacterium nucleatum	Fusobacterium
OTU_97.688.0	Streptococcus thermophilus	Streptococcus
OTU_97.30649.1	Streptococcus thermophilus	Streptococcus
OTU_97.18437.0	Streptococcus mutans	Streptococcus
OTU_97.44160.0	Streptococcus halotolerans	Streptococcus
OTU_97.45322.0	Streptococcus pyogenes	Streptococcus
OTU_97.17727.0	Streptococcus mutans	Streptococcus
OTU_97.21322.0	Streptococcus pneumoniae	Streptococcus
OTU_97.11620.0	Burkholderia stabilis	Burkholderia
OTU_97.14178.0	Prevotella dentalis	Prevotella
OTU_97.28043.0	Burkholderia pseudomallei	Burkholderia
OTU_97.4758.0	Chryseobacterium sp. IHB B 17019	Chryseobacterium
OTU_97.44522.0	Streptococcus dysgalactiae	Streptococcus
OTU_97.28715.0	Clostridioides difficile	Clostridioides
OTU_97.5735.0	Mannheimia sp. USDA-ARS-USMARC-1261	Mannheimia
OTU_97.13576.0	Burkholderia pseudomallei	Burkholderia
OTU_97.45050.0	Haemophilus influenzae	Haemophilus
OTU_97.45289.0	Propionibacterium freudenreichii	Propionibacterium
OTU_97.38738.0	Burkholderia pseudomallei	Burkholderia
OTU_97.16759.0	Streptococcus anginosus	Streptococcus
OTU_97.8702.0	Cellulophaga baltica	Cellulophaga
OTU_97.24943.0	Streptococcus pneumoniae	Streptococcus
OTU_97.1141.0	Streptococcus pneumoniae	Streptococcus
OTU_97.24216.0	Prevotella enoeca	Prevotella
OTU_97.31069.0	Neisseria meningitidis	Neisseria
OTU_97.8703.0	Burkholderia territorii	Burkholderia
OTU_97.28043.1	Burkholderia pseudomallei	Burkholderia
OTU_97.40084.0	Burkholderia multivorans	Burkholderia
OTU_97.1533.0	Treponema pallidum	Treponema
OTU_97.675.0	Salegentibacter sp. T436	Salegentibacter
OTU_97.8361.0	Burkholderia sp. YI23	Burkholderia
OTU_97.21263.0	Carnobacterium maltaromaticum	Carnobacterium
OTU_97.39752.0	Streptococcus anginosus	Streptococcus
OTU_97.18445.1	[Haemophilus] ducreyi	Haemophilus
OTU_97.643.0	Streptococcus pneumoniae	Streptococcus
OTU_97.19867.0	Burkholderia pseudomultivorans	Burkholderia
OTU_97.21293.0	Treponema pallidum	Treponema
OTU_97.26884.1	Corynebacterium pseudotuberculosis	Corynebacterium
OTU_97.27203.0	Aggregatibacter actinomycetemcomitans	Aggregatibacter
OTU_97.15597.0	Streptococcus agalactiae	Streptococcus
OTU_97.27922.1	Pasteurella multocida	Pasteurella
OTU_97.43059.0	Mannheimia haemolytica	Mannheimia
OTU_97.25545.0	Neisseria meningitidis	Neisseria
OTU_97.42637.0	Streptococcus pyogenes	Streptococcus
OTU_97.35012.0	Mannheimia haemolytica	Mannheimia
OTU_97.3273.0	Corynebacterium pseudotuberculosis	Corynebacterium
OTU_97.38244.0	Streptococcus iniae	Streptococcus
OTU_97.27798.0	Prevotella ruminicola	Prevotella
OTU_97.33771.0	Campylobacter jejuni	Campylobacter
OTU_97.675.1	Riemerella anatipestifer	Riemerella
OTU_97.37734.0	Streptococcus constellatus	Streptococcus
OTU_97.7835.0	Streptococcus anginosus	Streptococcus
OTU_97.3317.0	Burkholderia pseudomallei	Burkholderia
OTU_97.33907.0	Streptococcus agalactiae	Streptococcus
OTU_97.18127.0	Streptococcus thermophilus	Streptococcus
OTU_97.21064.0	Flavobacterium columnare	Flavobacterium
OTU_97.17387.0	Corynebacterium casei	Corynebacterium
OTU_97.3586.0	Dichelobacter nodosus	Dichelobacter
OTU_97.32296.0	Streptococcus pneumoniae	Streptococcus
OTU_97.1533.1	Sphaerochaeta globosa	Sphaerochaeta
OTU_97.4724.0	Streptococcus suis	Streptococcus
OTU_97.38696.0	Streptococcus pyogenes	Streptococcus
OTU_97.479.0	Myroides sp. A21	Myroides
OTU_97.41052.0	Pasteurella multocida	Pasteurella
OTU_97.35575.0	Streptococcus dysgalactiae	Streptococcus
OTU_97.44911.0	Mannheimia haemolytica	Mannheimia
OTU_97.6154.0	Streptococcus pyogenes	Streptococcus
OTU_97.24681.0	Streptococcus pneumoniae	Streptococcus
OTU_97.15446.0	Streptococcus agalactiae	Streptococcus
OTU_97.31496.0	Streptococcus pyogenes	Streptococcus
OTU_97.27221.0	Fusobacterium nucleatum	Fusobacterium
OTU_97.17854.0	Haemophilus influenzae	Haemophilus
OTU_97.35107.0	Streptococcus pyogenes	Streptococcus
OTU_97.8703.1	Burkholderia pseudomallei	Burkholderia
OTU_97.6092.0	Fusobacterium nucleatum	Fusobacterium
OTU_97.23190.0	Neisseria gonorrhoeae	Neisseria
OTU_97.8721.1	Neisseria meningitidis	Neisseria
OTU_97.37453.0	Streptococcus himalayensis	Streptococcus
OTU_97.25225.0	Aggregatibacter aphrophilus	Aggregatibacter
OTU_97.13007.0	Streptococcus pneumoniae	Streptococcus
OTU_97.17394.0	Polaribacter reichenbachii	Polaribacter
OTU_97.27207.0	Streptococcus anginosus	Streptococcus
OTU_97.43059.1	Mannheimia haemolytica	Mannheimia
OTU_97.32296.1	Streptococcus suis	Streptococcus
OTU_97.30373.0	Streptococcus sanguinis	Streptococcus
OTU_97.14504.1	Polynucleobacter duraquae	Polynucleobacter
OTU_97.6715.0	Elizabethkingia anophelis	Elizabethkingia
OTU_97.26884.0	Corynebacterium variabile	Corynebacterium
OTU_97.8721.0	Neisseria meningitidis	Neisseria
OTU_97.44725.0	Campylobacter jejuni	Campylobacter
OTU_97.1626.0	Campylobacter jejuni	Campylobacter
OTU_97.18445.0	Actinobacillus pleuropneumoniae	Actinobacillus
OTU_97.45114.0	Streptococcus pneumoniae	Streptococcus
OTU_97.4910.0	[Haemophilus] ducreyi	Haemophilus
OTU_97.11425.0	Streptococcus pneumoniae	Streptococcus
OTU_97.8273.0	Campylobacter jejuni	Campylobacter
OTU_97.25545.1	Neisseria gonorrhoeae	Neisseria
OTU_97.35096.0	Campylobacter jejuni	Campylobacter
OTU_97.39384.0	Streptococcus pyogenes	Streptococcus
OTU_97.8273.1	Campylobacter coli	Campylobacter
OTU_97.17011.0	Campylobacter jejuni	Campylobacter
OTU_97.27922.0	Actinobacillus suis	Actinobacillus
OTU_97.31496.1	Streptococcus agalactiae	Streptococcus
OTU_97.5089.0	Atopobium parvulum	Atopobium
OTU_97.14504.0	Burkholderia multivorans	Burkholderia
OTU_97.20031.0	Burkholderia vietnamiensis	Burkholderia
OTU_97.36605.1	Algibacter alginicilyticus	Algibacter
OTU_97.36605.0	Flavobacterium branchiophilum	Flavobacterium
OTU_97.26793.0	Neisseria meningitidis	Neisseria
OTU_97.27675.0	Flavobacterium psychrophilum	Flavobacterium
OTU_97.25220.0	Streptococcus suis	Streptococcus
OTU_97.26895.1	Fusobacterium nucleatum	Fusobacterium
OTU_97.13257.0	Leptotrichia sp. oral taxon 847	Leptotrichia
OTU_97.11895.0	Treponema brennaborense	Treponema
OTU_97.16811.0	Myroides sp. ZB35	Myroides
OTU_97.38777.0	Burkholderia cepacia	Burkholderia
OTU_97.36382.0	Neisseria meningitidis	Neisseria
OTU_97.23341.0	Tenacibaculum todarodis	Tenacibaculum
OTU_97.26306.0	Fusobacterium nucleatum	Fusobacterium
OTU_97.14894.1	Campylobacter jejuni	Campylobacter
OTU_97.26895.0	Fusobacterium hwasookii	Fusobacterium
OTU_97.14894.0	Campylobacter jejuni	Campylobacter
OTU_97.43108.0	Propionibacterium sp. oral taxon 193	Propionibacterium
OTU_97.26707.0	Ilyobacter polytropus	Ilyobacter
OTU_97.30565.0	Campylobacter jejuni	Campylobacter
OTU_97.2610.0	Neisseria gonorrhoeae	Neisseria
OTU_97.2514.0	Streptococcus pyogenes	Streptococcus
OTU_97.15792.1	Mycoplasma capricolum	Mycoplasma
OTU_97.15792.0	Mycoplasma gallisepticum	Mycoplasma
OTU_97.4714.0	Campylobacter coli	Campylobacter
OTU_97.22162.0	Selenomonas sp. oral taxon 920	Selenomonas
OTU_97.26792.0	Fusobacterium nucleatum	Fusobacterium
OTU_97.7964.0	Spirochaeta thermophila	Spirochaeta
OTU_97.26911.0	Burkholderia pseudomallei	Burkholderia
OTU_97.9670.0	Fusobacterium nucleatum	Fusobacterium
OTU_97.31969.0	Selenomonas sputigena	Selenomonas
OTU_97.12103.0	Chryseobacterium sp. StRB126	Chryseobacterium
OTU_97.429.0	Treponema putidum	Treponema
OTU_97.360.0	Moraxella bovoculi	Moraxella
OTU_97.23623.1	Neisseria meningitidis	Neisseria
OTU_97.3995.0	Neisseria meningitidis	Neisseria
OTU_97.37108.0	Porphyromonas gingivalis	Porphyromonas
OTU_97.2518.0	Neisseria meningitidis	Neisseria
OTU_97.25956.0	Streptococcus equi	Streptococcus
OTU_97.23363.0	Glaesserella parasuis	Glaesserella
OTU_97.18522.0	Pasteurella multocida	Pasteurella
OTU_97.360.1	Moraxella bovoculi	Moraxella
OTU_97.42468.0	Lactococcus garvieae	Lactococcus
OTU_97.3995.1	Neisseria meningitidis	Neisseria
OTU_97.41293.0	[Haemophilus] ducreyi	Haemophilus
OTU_97.26178.0	Streptococcus pyogenes	Streptococcus
OTU_97.25547.0	Neisseria meningitidis	Neisseria
OTU_97.23623.0	Neisseria gonorrhoeae	Neisseria
OTU_97.16729.0	Moraxella catarrhalis	Moraxella
OTU_97.44061.0	Lactobacillus reuteri	Lactobacillus
OTU_97.20226.0	Porphyromonas gingivalis	Porphyromonas
OTU_97.39153.1	Neisseria meningitidis	Neisseria
OTU_97.39153.0	Neisseria meningitidis	Neisseria
OTU_97.4676.0	Neisseria meningitidis	Neisseria
OTU_97.6712.0	Streptococcus infantarius	Streptococcus
OTU_97.19690.0	Streptococcus suis	Streptococcus
OTU_97.24239.0	Haemophilus influenzae	Haemophilus
OTU_97.16292.0	Haemophilus parainfluenzae	Haemophilus
OTU_97.20264.0	Streptococcus agalactiae	Streptococcus
OTU_97.45070.0	Mannheimia haemolytica	Mannheimia
OTU_97.30977.0	Streptococcus salivarius	Streptococcus
OTU_97.17669.0	Streptococcus oralis	Streptococcus
OTU_97.18640.0	Streptococcus suis	Streptococcus
OTU_97.41794.0	Actinobacillus pleuropneumoniae	Actinobacillus
OTU_97.42361.0	Streptococcus agalactiae	Streptococcus
OTU_97.36067.0	Neisseria meningitidis	Neisseria
OTU_97.1418.0	Streptococcus salivarius	Streptococcus
OTU_97.27484.0	Sediminicola sp. YIK13	Sediminicola
OTU_97.34227.0	Streptococcus gallolyticus	Streptococcus
OTU_97.5114.0	Haemophilus influenzae	Haemophilus
OTU_97.43495.0	Mannheimia varigena	Mannheimia
OTU_97.8597.0	Streptococcus agalactiae	Streptococcus
OTU_97.3422.0	Aggregatibacter actinomycetemcomitans	Aggregatibacter
OTU_97.5114.1	Haemophilus influenzae	Haemophilus
OTU_97.30064.1	Streptococcus agalactiae	Streptococcus
OTU_97.4320.0	Methylorubrum extorquens	Methylorubrum
OTU_97.22166.0	Polaribacter vadi	Polaribacter
OTU_97.8597.1	Streptococcus agalactiae	Streptococcus
OTU_97.30064.0	Streptococcus agalactiae	Streptococcus
OTU_97.38677.0	Streptococcus suis	Streptococcus
OTU_97.34669.0	Streptococcus pyogenes	Streptococcus
OTU_97.41776.1	OTU_97.41776.1	OTU_97.41776.1
OTU_97.25.0	Streptococcus agalactiae	Streptococcus
OTU_97.6712.1	Streptococcus gordonii	Streptococcus
OTU_97.23306.0	Pasteurella multocida	Pasteurella
OTU_97.22123.1	Streptococcus pyogenes	Streptococcus
OTU_97.30708.0	Streptococcus marmotae	Streptococcus
OTU_97.42361.1	Streptococcus thermophilus	Streptococcus
OTU_97.42504.0	Haemophilus influenzae	Haemophilus
OTU_97.23793.0	Streptococcus sp. A12	Streptococcus
OTU_97.43495.1	Bibersteinia trehalosi	Bibersteinia
OTU_97.21931.0	Staphylococcus xylosus	Staphylococcus
OTU_97.41776.0	[Haemophilus] ducreyi	Haemophilus
OTU_97.17899.0	Streptococcus dysgalactiae	Streptococcus
OTU_97.17877.0	Streptococcus mitis	Streptococcus
OTU_97.30977.1	Streptococcus suis	Streptococcus
OTU_97.2533.0	Aggregatibacter actinomycetemcomitans	Aggregatibacter
OTU_97.875.0	Streptococcus pneumoniae	Streptococcus
OTU_97.19638.0	Haemophilus influenzae	Haemophilus
OTU_97.30708.1	Streptococcus thermophilus	Streptococcus
OTU_97.40389.0	Streptococcus pyogenes	Streptococcus
OTU_97.19369.0	Streptococcus pyogenes	Streptococcus
OTU_97.19690.1	Streptococcus pyogenes	Streptococcus
OTU_97.22123.0	Streptococcus pneumoniae	Streptococcus
OTU_97.37402.0	Lactococcus garvieae	Lactococcus
